{
  "description": "VSI-Bench MC accuracy by question type",
  "n_seeds": 4,
  "data": {
    "intern": {
      "0.3": {
        "overall": {
          "mean": 0.3087121212121212,
          "std": 0.035195353193854445,
          "seeds": [
            0.29545454545454547,
            0.3560606060606061,
            0.3106060606060606,
            0.2727272727272727
          ]
        },
        "object_rel_direction_hard": {
          "mean": 0.20454545454545459,
          "std": 0.06719259947298016,
          "seeds": [
            0.15151515151515152,
            0.30303030303030304,
            0.18181818181818182,
            0.18181818181818182
          ]
        },
        "object_rel_direction_medium": {
          "mean": 0.31097560975609756,
          "std": 0.060975609756097573,
          "seeds": [
            0.34146341463414637,
            0.34146341463414637,
            0.34146341463414637,
            0.21951219512195122
          ]
        },
        "object_rel_direction_easy": {
          "mean": 0.4666666666666667,
          "std": 0.02721655269759086,
          "seeds": [
            0.43333333333333335,
            0.5,
            0.4666666666666667,
            0.4666666666666667
          ]
        },
        "object_rel_distance": {
          "mean": 0.2857142857142857,
          "std": 0.0,
          "seeds": [
            0.2857142857142857,
            0.2857142857142857,
            0.2857142857142857,
            0.2857142857142857
          ]
        },
        "route_planning": {
          "mean": 0.25,
          "std": 0.023809523809523808,
          "seeds": [
            0.23809523809523808,
            0.2857142857142857,
            0.23809523809523808,
            0.23809523809523808
          ]
        }
      },
      "0": {
        "overall": {
          "mean": 0.32954545454545453,
          "std": 0.01803391017308801,
          "seeds": [
            0.3181818181818182,
            0.3484848484848485,
            0.3409090909090909,
            0.3106060606060606
          ]
        },
        "object_rel_direction_hard": {
          "mean": 0.20454545454545456,
          "std": 0.03813047694581187,
          "seeds": [
            0.15151515151515152,
            0.21212121212121213,
            0.24242424242424243,
            0.21212121212121213
          ]
        },
        "object_rel_direction_medium": {
          "mean": 0.34756097560975613,
          "std": 0.03069038388321443,
          "seeds": [
            0.34146341463414637,
            0.3902439024390244,
            0.3170731707317073,
            0.34146341463414637
          ]
        },
        "object_rel_direction_easy": {
          "mean": 0.47500000000000003,
          "std": 0.03191423692521127,
          "seeds": [
            0.5,
            0.4666666666666667,
            0.5,
            0.43333333333333335
          ]
        },
        "object_rel_distance": {
          "mean": 0.3928571428571428,
          "std": 0.07142857142857142,
          "seeds": [
            0.42857142857142855,
            0.42857142857142855,
            0.42857142857142855,
            0.2857142857142857
          ]
        },
        "route_planning": {
          "mean": 0.26190476190476186,
          "std": 0.02749286996141075,
          "seeds": [
            0.23809523809523808,
            0.2857142857142857,
            0.2857142857142857,
            0.23809523809523808
          ]
        }
      },
      "1": {
        "overall": {
          "mean": 0.3314393939393939,
          "std": 0.04602961144837926,
          "seeds": [
            0.2803030303030303,
            0.38636363636363635,
            0.3484848484848485,
            0.3106060606060606
          ]
        },
        "object_rel_direction_hard": {
          "mean": 0.24242424242424243,
          "std": 0.09582659576267816,
          "seeds": [
            0.12121212121212122,
            0.3333333333333333,
            0.30303030303030304,
            0.21212121212121213
          ]
        },
        "object_rel_direction_medium": {
          "mean": 0.3048780487804878,
          "std": 0.05077234145039348,
          "seeds": [
            0.2926829268292683,
            0.36585365853658536,
            0.3170731707317073,
            0.24390243902439024
          ]
        },
        "object_rel_direction_easy": {
          "mean": 0.475,
          "std": 0.016666666666666663,
          "seeds": [
            0.4666666666666667,
            0.5,
            0.4666666666666667,
            0.4666666666666667
          ]
        },
        "object_rel_distance": {
          "mean": 0.3214285714285714,
          "std": 0.07142857142857142,
          "seeds": [
            0.2857142857142857,
            0.42857142857142855,
            0.2857142857142857,
            0.2857142857142857
          ]
        },
        "route_planning": {
          "mean": 0.3214285714285714,
          "std": 0.05991932091484722,
          "seeds": [
            0.23809523809523808,
            0.3333333333333333,
            0.3333333333333333,
            0.38095238095238093
          ]
        }
      },
      "3.0": {
        "overall": {
          "mean": 0.34280303030303033,
          "std": 0.022621809175718335,
          "seeds": [
            0.3181818181818182,
            0.3484848484848485,
            0.3712121212121212,
            0.3333333333333333
          ]
        },
        "object_rel_direction_hard": {
          "mean": 0.2803030303030303,
          "std": 0.06719259947298016,
          "seeds": [
            0.30303030303030304,
            0.21212121212121213,
            0.36363636363636365,
            0.24242424242424243
          ]
        },
        "object_rel_direction_medium": {
          "mean": 0.3231707317073171,
          "std": 0.04165427140633982,
          "seeds": [
            0.2682926829268293,
            0.36585365853658536,
            0.3170731707317073,
            0.34146341463414637
          ]
        },
        "object_rel_direction_easy": {
          "mean": 0.5,
          "std": 0.0,
          "seeds": [
            0.5,
            0.5,
            0.5,
            0.5
          ]
        },
        "object_rel_distance": {
          "mean": 0.24999999999999997,
          "std": 0.07142857142857142,
          "seeds": [
            0.2857142857142857,
            0.14285714285714285,
            0.2857142857142857,
            0.2857142857142857
          ]
        },
        "route_planning": {
          "mean": 0.2857142857142857,
          "std": 0.0869400884928835,
          "seeds": [
            0.19047619047619047,
            0.38095238095238093,
            0.3333333333333333,
            0.23809523809523808
          ]
        }
      }
    },
    "qwen": {
      "0.3": {
        "overall": {
          "mean": 0.32954545454545453,
          "std": 0.020043570538368118,
          "seeds": [
            0.3333333333333333,
            0.3560606060606061,
            0.3181818181818182,
            0.3106060606060606
          ]
        },
        "object_rel_direction_hard": {
          "mean": 0.20454545454545456,
          "std": 0.057362710563639126,
          "seeds": [
            0.24242424242424243,
            0.24242424242424243,
            0.21212121212121213,
            0.12121212121212122
          ]
        },
        "object_rel_direction_medium": {
          "mean": 0.29878048780487804,
          "std": 0.023351880676983853,
          "seeds": [
            0.3170731707317073,
            0.3170731707317073,
            0.2682926829268293,
            0.2926829268292683
          ]
        },
        "object_rel_direction_easy": {
          "mean": 0.5166666666666666,
          "std": 0.033333333333333326,
          "seeds": [
            0.5,
            0.5666666666666667,
            0.5,
            0.5
          ]
        },
        "object_rel_distance": {
          "mean": 0.21428571428571427,