{
  "conditions": {
    "lam0_seed0": {
      "step": [
        249,
        499,
        500
      ],
      "lm": [
        0.1172,
        0.1439,
        0.1031
      ],
      "dir": [
        0.2407,
        0.2401,
        0.2336
      ],
      "r2": [
        0.6866,
        0.7052,
        0.7071
      ],
      "vqa": 0.9277
    },
    "lam0_seed1": {
      "step": [
        249,
        499,
        500
      ],
      "lm": [
        0.1019,
        0.0451,
        0.052
      ],
      "dir": [
        0.2414,
        0.2419,
        0.2357
      ],
      "r2": [
        0.6782,
        0.6775,
        0.6735
      ],
      "vqa": 0.9367
    },
    "lam1_seed0": {
      "step": [
        249,
        499,
        500
      ],
      "lm": [
        0.1113,
        0.0755,
        0.0592
      ],
      "dir": [
        0.1431,
        0.1196,
        0.1166
      ],
      "r2": [
        0.891,
        0.8976,
        0.9043
      ],
      "vqa": 0.9428
    },
    "lam1_seed1": {
      "step": [
        249,
        499,
        500
      ],
      "lm": [
        0.0705,
        0.0671,
        0.0648
      ],
      "dir": [
        0.1402,
        0.1154,
        0.1161
      ],
      "r2": [
        0.8411,
        0.8854,
        0.8918
      ],
      "vqa": 0.9398
    }
  },
  "summary": {
    "lm": {
      "baseline_mean": 0.07755,
      "baseline_std": 0.03613315651863258,
      "dirichlet_mean": 0.062,
      "dirichlet_std": 0.003959797974644662
    },
    "dir": {
      "baseline_mean": 0.23465,
      "baseline_std": 0.0014849242404917434,
      "dirichlet_mean": 0.11635,
      "dirichlet_std": 0.0003535533905932741
    },
    "r2": {
      "baseline_mean": 0.6902999999999999,
      "baseline_std": 0.02375878784786797,
      "dirichlet_mean": 0.89805,
      "dirichlet_std": 0.008838834764831813
    },
    "vqa": {
      "baseline_mean": 0.9321999999999999,
      "baseline_std": 0.006363961030678934,
      "dirichlet_mean": 0.9413,
      "dirichlet_std": 0.0021213203435596446
    }
  }
}