{
  "lam0": {
    "mean": 0.13749999999999998,
    "std": 0.03227486121839514,
    "seeds": [
      0.175,
      0.15,
      0.125,
      0.1
    ]
  },
  "lam0.3": {
    "mean": 0.14375,
    "std": 0.051538820320220766,
    "seeds": [
      0.15,
      0.2,
      0.075,
      0.15
    ]
  },
  "lam1": {
    "mean": 0.1375,
    "std": 0.01443375672974064,
    "seeds": [
      0.15,
      0.15,
      0.125,
      0.125
    ]
  },
  "lam3.0": {
    "mean": 0.18125000000000002,
    "std": 0.0657488909919146,
    "seeds": [
      0.125,
      0.15,
      0.275,
      0.175
    ]
  }
}